RegionType,RegionName,City,State,Metro,CBSATitle,SizeRank,MarketHealthIndex,SellForGain,PrevForeclosed,ForeclosureRatio,ZHVI,MoM,YoY,ForecastYoYPctChange,StockOfREOs,NegativeEquity,Delinquency,DaysOnMarket
City,New York,New York,NY,"New York, NY","New York-Newark-Jersey City, NY-NJ-PA",0,9.526413346,93.49,0.9324,0.5769,610700,0.626132806,8.898002853,0.044036352,11.9,0.08133425,0.130830268,166
City,Los Angeles,Los Angeles,CA,"Los Angeles-Long Beach-Anaheim, CA","Los Angeles-Long Beach-Anaheim, CA",1,7.001853568,93.64,5.4705,2.0276,562800,0.571837026,7.816091954,0.022805615,107.4,0.067477615,0.039871293,76
City,Chicago,Chicago,IL,"Chicago, IL","Chicago-Naperville-Elgin, IL-IN-WI",2,2.149212234,74.34,,,199500,-0.0501002,6.62747194,0.039553885,97.4,0.268882335,0.048504221,112
City,Houston,Houston,TX,"Houston, TX","Houston-The Woodlands-Sugar Land, TX",3,8.790546803,90.27,,,143600,0.913562895,7.807807808,0.03520195,56.2,0.067571307,0.022061554,86.5
City,Philadelphia,Philadelphia,PA,"Philadelphia, PA","Philadelphia-Camden-Wilmington, PA-NJ-DE-MD",4,1.494902688,80,13.6842,4.641,120100,0.334168755,3.534482759,0.020574521,70.3,0.2161336,0.067620406,111
City,Phoenix,Phoenix,AZ,"Phoenix, AZ","Phoenix-Mesa-Scottsdale, AZ",5,5.473586654,84.15,7.6968,3.0543,187200,0.862068966,9.090909091,0.038659188,92.2,0.179311172,0.023373999,68
City,Las Vegas,Las Vegas,NV,"Las Vegas, NV","Las Vegas-Henderson-Paradise, NV",6,2.96107507,81.2,13.261,4.7354,194000,0.674623768,9.542631282,0.059489691,88.5,0.223056902,0.076764043,78
City,San Antonio,San Antonio,TX,"San Antonio, TX","San Antonio-New Braunfels, TX",7,8.085264133,84.88,,,129400,0.310077519,6.502057613,0.042102009,43.8,0.108243421,0.022978646,88
City,San Diego,San Diego,CA,"San Diego, CA","San Diego-Carlsbad, CA",8,8.556070436,88.07,3.8149,1.6844,528700,0.532420612,6.614236741,0.027665973,44.3,0.074846523,0.021122757,70
City,Dallas,Dallas,TX,"Dallas-Fort Worth, TX","Dallas-Fort Worth-Arlington, TX",9,9.054680259,94.18,6.5959,4.0511,134200,0.750750751,15.98962835,0.061654247,62.2,0.083101387,0.024138656,73
City,San Jose,San Jose,CA,"San Jose, CA","San Jose-Sunnyvale-Santa Clara, CA",10,9.122335496,95.64,3.3456,0.9157,808800,0.609528548,10.52200055,0.028187438,48.7,0.033369758,0.024816605,51
City,Jacksonville,Jacksonville,FL,"Jacksonville, FL","Jacksonville, FL",11,0.633920297,66.83,,,132700,0.454201363,6.672025723,0.015365486,115.7,0.24817282,0.062567086,92
City,San Francisco,San Francisco,CA,"San Francisco, CA","San Francisco-Oakland-Hayward, CA",12,9.410565338,97.44,1.311,0.3986,1118600,0.638776428,13.60958765,0.039469873,138.4,0.024385495,0.00723303,43
City,Austin,Austin,TX,"Austin, TX","Austin-Round Rock, TX",13,8.887859129,90.06,,,290300,0.380359613,11.82588598,0.040261798,29.7,0.060878631,0.004068369,68
City,Detroit,Detroit,MI,"Detroit, MI","Detroit-Warren-Dearborn, MI",14,0.061167748,40,,,37800,-1.818181818,-6.896551724,0.003730159,469.4,0.383462788,0.046948064,104
City,Columbus,Columbus,OH,"Columbus, OH","Columbus, OH",15,2.97497683,74.04,14.9694,7.2995,110400,1.098901099,7.184466019,0.039112319,72.9,0.190835265,0.044043794,80
City,Memphis,Memphis,TN,"Memphis, TN","Memphis, TN-MS-AR",16,0.833178869,73.26,21.28,10.2835,67800,0.295857988,1.497005988,0.035958702,73,0.234089849,0.053461919,86
City,Charlotte,Charlotte,NC,"Charlotte, NC","Charlotte-Concord-Gastonia, NC-SC",17,3.135310473,79.31,8.8688,5.7051,163700,0.367872471,6.092028516,0.035485644,66.5,0.130157935,0.04358689,85
City,El Paso,El Paso,TX,"El Paso, TX","El Paso, TX",18,3.574606117,86.67,,,110800,-0.270027003,-0.35971223,0.039422383,35,0.163004262,0.021442774,131
City,Boston,Boston,MA,"Boston, MA","Boston-Cambridge-Newton, MA-NH",19,8.190917516,97.76,3.29,1.2154,478000,0.716392752,9.910324212,0.026811715,28.9,0.091515105,0.033045094,64
City,Seattle,Seattle,WA,"Seattle, WA","Seattle-Tacoma-Bellevue, WA",20,9.473586654,96.87,2.9508,1.4273,530100,0.569151964,13.10006401,0.067177891,35.1,0.066628477,0.011219316,46
City,Baltimore,Baltimore,MD,"Baltimore, MD","Baltimore-Columbia-Towson, MD",21,0.657089898,78.79,24.1068,8.7795,109700,0.54995417,1.951672862,0.015496809,102.9,0.248942506,0.078050452,121
City,Denver,Denver,CO,"Denver, CO","Denver-Aurora-Lakewood, CO",22,9.59592215,97.67,3.448,0.8689,330000,0.57909174,13.71467953,0.050163636,47,0.065847327,0.007926287,63
City,Nashville,Nashville,TN,"Nashville, TN","Nashville-Davidson--Murfreesboro--Franklin, TN",23,7.810936052,93.52,6.3383,5.2265,190900,0.951877314,12.36021189,0.043394447,51.1,0.076735578,0.017242282,68.5
City,Milwaukee,Milwaukee,WI,"Milwaukee, WI","Milwaukee-Waukesha-West Allis, WI",24,0.623725672,69,9.9611,8.4265,93500,0,0.429645542,0.015101604,88.2,0.33046347,0.053456587,114
City,Tucson,Tucson,AZ,"Tucson, AZ","Tucson, AZ",25,2.611677479,74.14,12.0619,4.8272,147700,0.067750678,1.581843191,0.038320921,70.1,0.22451319,0.031710051,88
City,Portland,Portland,OR,"Portland, OR","Portland-Vancouver-Hillsboro, OR-WA",26,9.007414272,95.69,4.4118,4.0269,345500,1.289944298,15.74539363,0.054231548,37.2,0.048877687,0.028754234,56
City,Oklahoma City,Oklahoma City,OK,"Oklahoma City, OK","Oklahoma City, OK",27,6.942539388,89.85,3.2006,1.6191,125700,0.319233839,3.371710526,0.029164678,65.4,0.091804084,0.023317553,84
City,Omaha,Omaha,NE,"Omaha, NE","Omaha-Council Bluffs, NE-IA",28,8.8081557,80,0.8723,2.355,139300,0.795947902,6.743295019,0.034630294,2,0.111925313,0.019387669,68.5
City,Albuquerque,Albuquerque,NM,"Albuquerque, NM","Albuquerque, NM",29,3.598702502,70.26,,,169100,0.475341652,1.075911536,0.031756357,37.4,0.203075382,0.051509037,101
City,Fresno,Fresno,CA,"Fresno, CA","Fresno, CA",30,3.47265987,83.57,11.3198,3.5408,187300,0.375133976,5.224719101,0.032258409,67.4,0.183433752,0.0363061,76
City,Sacramento,Sacramento,CA,"Sacramento, CA","Sacramento--Roseville--Arden-Arcade, CA",31,6.000926784,85.44,8.9201,3.9771,256600,0.904443571,10.65114273,0.064766173,73,0.155577214,0.031620432,67
City,Mesa,Mesa,AZ,"Phoenix, AZ","Phoenix-Mesa-Scottsdale, AZ",32,5.376274328,87.98,7.5599,3.3984,199800,0.654911839,8.351409978,0.037447447,70.9,0.153656843,0.023030659,64
City,Long Beach,Long Beach,CA,"Los Angeles-Long Beach-Anaheim, CA","Los Angeles-Long Beach-Anaheim, CA",33,6.574606117,91.98,3.7173,1.8807,501400,0.54140766,5.580122131,0.015556442,97.2,0.082146633,0.030351888,75
City,Kansas City,Kansas City,MO,"Kansas City, MO","Kansas City, MO-KS",34,3.041705283,75.94,,,107800,0.465983225,6.311637081,0.035760668,73.4,0.223149474,0.026452086,88
City,Virginia Beach,Virginia Beach,VA,"Virginia Beach, VA","Virginia Beach-Norfolk-Newport News, VA-NC",35,3.359592215,76.17,9.8346,4.7014,248700,0.080482897,2.853598015,0.011620426,31.7,0.181035087,0.024615621,99
City,Colorado Springs,Colorado Springs,CO,"Colorado Springs, CO","Colorado Springs, CO",36,6.467099166,90.29,4.8604,3.0158,218900,0.320806599,4.636711281,0.031434445,65,0.110516543,0.012832788,76
City,Atlanta,Atlanta,GA,"Atlanta, GA","Atlanta-Sandy Springs-Roswell, GA",37,4.458758109,79.51,,,180900,0.836120401,10.10346926,0.059480376,73.6,0.236234874,0.035026665,85
City,Miami,Miami,FL,"Miami-Fort Lauderdale, FL","Miami-Fort Lauderdale-West Palm Beach, FL",38,1.578313253,82.52,,,290500,0.519031142,7.195571956,-0.016196213,112.7,0.172497462,0.080433766,135
City,Oakland,Oakland,CA,"San Francisco, CA","San Francisco-Oakland-Hayward, CA",39,7.865616311,97.09,7.5567,2.7634,579900,1.221853727,17.19886823,0.055725125,73.7,0.060319908,0.039186438,51
City,Tulsa,Tulsa,OK,"Tulsa, OK","Tulsa, OK",40,4.563484708,79.02,4.6885,2.3433,104300,0,2.75862069,0.026385427,81.2,0.095405487,0.022395491,92
City,Cleveland,Cleveland,OH,"Cleveland, OH","Cleveland-Elyria, OH",41,0.010194625,71.43,18.7672,7.9516,50000,-1.185770751,-6.015037594,-0.00206,131.2,0.338389309,0.06994022,91
City,Honolulu,Honolulu,HI,"Urban Honolulu, HI","Urban Honolulu, HI",42,8.298424467,89.7,1.0569,0.3444,625900,0.144,3.814894676,0.016063269,37.4,0.037850647,0.017188137,90
City,Minneapolis,Minneapolis,MN,"Minneapolis-St Paul, MN","Minneapolis-St. Paul-Bloomington, MN-WI",43,2.924930491,81.72,9.4887,5.3738,203400,0.246426811,2.3138833,0.027920354,71,0.131715864,0.018920812,87
City,Baton Rouge,Baton Rouge,LA,"Baton Rouge, LA","Baton Rouge, LA",44,4.96570899,82.81,,,146200,0.274348422,7.027818448,0.033871409,67.4,0.112553428,0.047707672,99
City,Arlington,Arlington,TX,"Dallas-Fort Worth, TX","Dallas-Fort Worth-Arlington, TX",45,8.509731233,93.72,5.6995,3.4791,152200,0.727994705,13.32836932,0.05695795,51.9,0.050092525,0.029406683,64
City,Raleigh,Raleigh,NC,"Raleigh, NC","Raleigh, NC",46,6.188137164,80.3,4.7012,2.7098,198400,0.252652855,3.603133159,0.035443548,28.4,0.083114561,0.027925008,71
City,Wichita,Wichita,KS,"Wichita, KS","Wichita, KS",47,7.469879518,91.67,,,105900,0.379146919,6.112224449,,2.8,0.109505706,0.023823983,88
City,Tampa,Tampa,FL,"Tampa, FL","Tampa-St. Petersburg-Clearwater, FL",48,3.395736793,80.75,,,154000,0.851342502,11.51339609,0.023694805,104.1,0.181148227,0.077375762,93
City,Anaheim,Anaheim,CA,"Los Angeles-Long Beach-Anaheim, CA","Los Angeles-Long Beach-Anaheim, CA",49,8.530120482,90.59,4.3245,1.7832,504100,0.558547776,8.036862409,0.019978179,43.6,0.066396981,0.035448908,84
City,Santa Ana,Santa Ana,CA,"Los Angeles-Long Beach-Anaheim, CA","Los Angeles-Long Beach-Anaheim, CA",50,6.982391103,94.55,5.6438,1.7311,442600,0.590909091,8.16226784,0.019168549,46.7,0.095907061,0.045878573,77
City,Aurora,Aurora,CO,"Denver, CO","Denver-Aurora-Lakewood, CO",51,9.232622799,98.03,5.355,1.5017,240800,0.837520938,18.32923833,0.060971761,56,0.06443276,0.013322389,58
City,Saint Louis,Saint Louis,MO,"St. Louis, MO","St. Louis, MO-IL",52,2.597775718,72.28,10.5657,9.7434,101800,0.394477318,7.157894737,0.033428291,98,0.290094422,0.03754499,96.5
City,Corpus Christi,Corpus Christi,TX,"Corpus Christi, TX","Corpus Christi, TX",53,6.447636701,,,,130400,0.307692308,4.403522818,0.044317485,42.8,0.087454857,0.020128166,86.5
City,Cincinnati,Cincinnati,OH,"Cincinnati, OH","Cincinnati, OH-KY-IN",54,3.415199259,85.71,4.6178,5.3309,110800,0.362318841,3.648269411,0.027382671,77.5,0.179516776,0.041842871,105
City,Pittsburgh,Pittsburgh,PA,"Pittsburgh, PA","Pittsburgh, PA",55,6.573679333,91.89,6.012,1.0221,106100,0.378429518,4.945598417,0.025504241,40.3,0.103057515,0.023898082,93
City,Riverside,Riverside,CA,"Riverside, CA","Riverside-San Bernardino-Ontario, CA",56,6.660797034,88.14,7.5247,2.8924,313300,0.513314084,6.782549421,0.059272263,50.2,0.124194661,0.033072914,73
City,Marietta,Marietta,GA,"Atlanta, GA","Atlanta-Sandy Springs-Roswell, GA",57,7.28081557,81.63,,,230700,0.522875817,6.855025475,0.046666667,41.2,0.117263193,0.02427306,93
City,Anchorage,Anchorage,AK,"Anchorage, AK","Anchorage, AK",58,8.453197405,84.42,,,289400,0.346740638,3.025987896,0.056378715,23.4,0.135677565,0.008615843,88
City,Bakersfield,Bakersfield,CA,"Bakersfield, CA","Bakersfield, CA",59,4.607970343,82.04,8.6479,4.1971,209200,0.143609382,4.704704705,0.045803059,69.9,0.196372837,0.031083461,86
City,Saint Paul,Saint Paul,MN,"Minneapolis-St Paul, MN","Minneapolis-St. Paul-Bloomington, MN-WI",60,4.267840593,76.67,13.575,4.9456,170800,0.70754717,6.883604506,0.038629977,80.7,0.144460619,0.027319746,96
City,Toledo,Toledo,OH,"Toledo, OH","Toledo, OH",61,0.751621872,68.25,12.0878,3.7081,56200,0,-0.530973451,0.013576512,88,0.311895654,0.041598588,101
City,Silver Spring,Silver Spring,MD,"Washington, DC","Washington-Arlington-Alexandria, DC-VA-MD-WV",62,1.873030584,81.13,10.4108,3.7506,362300,0,-1.226826609,-0.001048855,31.8,0.142448622,0.047478118,104.5
City,Lexington,Lexington,KY,"Lexington, KY","Lexington-Fayette, KY",63,8.754402224,84.78,0.118,,153800,0.522875817,4.200542005,0.034271782,5.9,0.081934913,0.020674565,88.5
City,Newark,Newark,NJ,"New York, NY","New York-Newark-Jersey City, NY-NJ-PA",64,1.202965709,100,,,204000,0.344318741,3.291139241,0.017215686,100.8,0.388903081,0.261697004,224.5
City,Tallahassee,Tallahassee,FL,"Tallahassee, FL","Tallahassee, FL",65,1.392029657,63.89,,,154900,-0.128949065,2.786994028,0.021601033,81,0.175606193,0.056917497,111.5
City,Stockton,Stockton,CA,"Stockton, CA","Stockton-Lodi, CA",66,6.670991659,85.87,12.9999,5.524,221700,1.048313582,13.22778345,0.0854894,86.2,0.197211685,0.035958503,85
City,Plano,Plano,TX,"Dallas-Fort Worth, TX","Dallas-Fort Worth-Arlington, TX",67,9.892493049,95.09,2.5433,1.0387,279100,0.685425685,14.76151316,0.060003583,27.3,0.039556644,0.00685778,61
City,Chandler,Chandler,AZ,"Phoenix, AZ","Phoenix-Mesa-Scottsdale, AZ",68,6.392956441,83.62,4.7028,1.7567,263500,0.572519084,5.442176871,0.027920304,49.4,0.125056723,0.019393627,65
City,Louisville,Louisville,KY,"Louisville/Jefferson County, KY","Louisville/Jefferson County, KY-IN",69,7.392029657,,,,105900,0.379146919,5.373134328,0.005514636,2.3,0.113049963,0.03644298,104.5
City,Henderson,Henderson,NV,"Las Vegas, NV","Las Vegas-Henderson-Paradise, NV",70,3.341056534,71.88,10.4663,4.581,253000,0.396825397,7.248834252,0.054794466,76.3,0.184054439,0.057959786,83
City,Modesto,Modesto,CA,"Modesto, CA","Modesto, CA",71,7.287303058,79.8,12.3941,2.961,226700,0.6660746,11.95061728,0.06106749,68.2,0.153404475,0.033063904,77.5
City,Mobile,Mobile,AL,"Mobile, AL","Mobile, AL",72,1.559777572,70.81,16.5722,12.2289,102500,0,3.430877901,0.030985366,72.2,0.20103173,0.039592186,121
City,Jersey City,Jersey City,NJ,"New York, NY","New York-Newark-Jersey City, NY-NJ-PA",73,4.411492122,,,,341800,0.588581519,12.6937026,0.053970158,42.6,0.206012199,0.134474334,135
City,Lubbock,Lubbock,TX,"Lubbock, TX","Lubbock, TX",74,5.838739574,87.5,,,112100,0.089285714,4.570895522,0.053175736,34.5,0.095722709,0.023180527,78
City,Glendale,Glendale,AZ,"Phoenix, AZ","Phoenix-Mesa-Scottsdale, AZ",75,5.34476367,80.68,10.1729,3.6329,189400,1.067235859,10.30867793,0.043495248,91.1,0.16954829,0.024213766,68
City,Durham,Durham,NC,"Durham, NC","Durham-Chapel Hill, NC",76,6.147358665,80.42,,,170400,0.590318772,5.576208178,0.03991784,36.4,0.099997601,0.025650847,79
City,Orlando,Orlando,FL,"Orlando, FL","Orlando-Kissimmee-Sanford, FL",77,6.539388323,74.73,,,148000,1.092896175,11.61387632,0.043304054,108.5,0.17260511,0.061490345,102.5
City,Saint Petersburg,Saint Petersburg,FL,"Tampa, FL","Tampa-St. Petersburg-Clearwater, FL",78,2.484708063,84.09,,,151600,0.73089701,13.04996271,0.028087071,111.2,0.165360474,0.078474913,83
City,Pensacola,Pensacola,FL,"Pensacola, FL","Pensacola-Ferry Pass-Brent, FL",79,0.973123262,78.51,,,113800,-0.437445319,2.61496844,0.022530756,64.7,0.17198207,0.05440732,113
City,Fort Wayne,Fort Wayne,IN,"Fort Wayne, IN","Fort Wayne, IN",80,8.097312326,100,,,91300,0.883977901,5.063291139,0.0350931,7.4,0.182747863,0.038648138,
City,Greensboro,Greensboro,NC,"Greensboro, NC","Greensboro-High Point, NC",81,3.986098239,71.74,,,119900,0.334728033,3.630077787,0.034787323,39.9,0.141854965,0.053254428,111
City,Lincoln,Lincoln,NE,"Lincoln, NE","Lincoln, NE",82,8.441149212,86.81,2.9418,1.4676,147600,0.408163265,3.797468354,0.033265583,25.4,0.06632091,0.01446585,73.5
City,San Bernardino,San Bernardino,CA,"Riverside, CA","Riverside-San Bernardino-Ontario, CA",83,4.639481001,94.2,11.4598,6.4825,216900,0.88372093,10.49414162,0.068441678,75.8,0.194212755,0.050705216,78
City,Corona,Corona,CA,"Riverside, CA","Riverside-San Bernardino-Ontario, CA",84,6.564411492,80.22,6.7633,1.9726,416700,0.240558095,3.502235469,0.050705544,49.2,0.103482879,0.041909874,80
City,Chula Vista,Chula Vista,CA,"San Diego, CA","San Diego-Carlsbad, CA",85,5.683039852,90.91,7.8576,2.8695,451900,0.848024994,7.467300832,0.031931843,64.5,0.104353031,0.035980797,68
City,Chesapeake,Chesapeake,VA,"Virginia Beach, VA","Virginia Beach-Norfolk-Newport News, VA-NC",86,4,69.74,,0.1035,240900,-0.124378109,1.860465116,0.010597758,6.5,0.182319766,0.029216408,108
City,Hialeah,Hialeah,FL,"Miami-Fort Lauderdale, FL","Miami-Fort Lauderdale-West Palm Beach, FL",87,3.621872104,90,,,183400,0.824628917,11.28640777,-0.000730643,88.3,0.183930715,0.072506315,106
City,Madison,Madison,WI,"Madison, WI","Madison, WI",88,9.321594069,82.21,1.2932,1.4191,208700,0.772573636,4.089775561,0.034216579,26.4,0.073124299,0.013289924,89.5
City,Garland,Garland,TX,"Dallas-Fort Worth, TX","Dallas-Fort Worth-Arlington, TX",89,8.948100093,91.67,8.4955,4.2322,141200,0.785153462,16.98425849,0.066338527,49.2,0.047597884,0.019871059,64
City,Fontana,Fontana,CA,"Riverside, CA","Riverside-San Bernardino-Ontario, CA",90,6.148285449,92.31,8.8238,3.2308,321900,0.782717595,6.518861681,0.059496738,66.9,0.123645026,0.05806406,77
City,Fort Myers,Fort Myers,FL,"Fort Myers, FL","Cape Coral-Fort Myers, FL",91,3.83781279,76.41,,,183100,0.825991189,9.838032394,0.030742764,78.1,0.120803678,0.045161936,85
City,Knoxville,Knoxville,TN,"Knoxville, TN","Knoxville, TN",92,5.428174235,,,,116500,0.517687662,1.924759405,0.031030043,103.1,0.131527268,0.018115589,106
City,Laredo,Laredo,TX,"Laredo, TX","Laredo, TX",93,7.018535681,100,,,110800,0.362318841,-2.120141343,0.043808664,12.2,0.143274369,0.03959253,
City,North Las Vegas,North Las Vegas,NV,"Las Vegas, NV","Las Vegas-Henderson-Paradise, NV",94,2.066728452,65.52,14.569,5.0438,178500,0.790513834,7.92019347,0.055932773,101.4,0.270895869,0.078315558,81
City,Lawrenceville,Lawrenceville,GA,"Atlanta, GA","Atlanta-Sandy Springs-Roswell, GA",95,5.932344764,64.38,,,164500,0.550122249,7.516339869,0.045525836,69.9,0.132179554,0.042644947,96
City,Fremont,Fremont,CA,"San Francisco, CA","San Francisco-Oakland-Hayward, CA",96,9.870250232,100,1.899,0.7093,878200,1.09358812,17.10894786,0.051468914,39.7,0.030997023,0.001197789,49
City,Fayetteville,Fayetteville,NC,"Fayetteville, NC","Fayetteville, NC",97,0.726598703,76.03,20.8509,8.3361,105700,-0.283018868,-0.937207123,0.03782403,47.4,0.277437481,0.040807298,136
City,Springfield,Springfield,MO,"Springfield, MO","Springfield, MO",98,6.060240964,,,,107500,0.09310987,1.895734597,0.031162791,35.2,0.15515614,0.017120681,97
City,Arlington,Arlington,VA,"Washington, DC","Washington-Arlington-Alexandria, DC-VA-MD-WV",99,7.452270621,86.63,0.8295,0.6949,610800,0.609454785,0.510120125,0.003891618,16.3,0.102859681,0.010303948,74
City,Irving,Irving,TX,"Dallas-Fort Worth, TX","Dallas-Fort Worth-Arlington, TX",100,9.570898981,90.7,6.2466,2.2172,151200,0.665778961,13.0044843,0.056957672,38.4,0.061361598,0.012275815,72
City,Gilbert,Gilbert,AZ,"Phoenix, AZ","Phoenix-Mesa-Scottsdale, AZ",101,5.676552363,80.89,4.7508,2.9783,279800,0.466786355,6.712433257,0.031208006,67,0.143904976,0.016529821,67
City,Scottsdale,Scottsdale,AZ,"Phoenix, AZ","Phoenix-Mesa-Scottsdale, AZ",102,6.627432808,82.8,3.8936,1.5047,410300,0.465230167,4.962906114,0.026741409,60.2,0.106170331,0.016566522,81
City,Rochester,Rochester,NY,"Rochester, NY","Rochester, NY",103,1.462465246,76.42,19.716,9.1611,63900,-0.31201248,3.231017771,0.02256651,98.6,0.0854559,0.088767748,107
City,Winston-Salem,Winston-Salem,NC,"Winston-Salem, NC","Winston-Salem, NC",104,1.34476367,70.33,10.8375,10.5838,114100,0.087719298,3.539019964,0.040017528,46.4,0.164072982,0.045472987,101
City,Irvine,Irvine,CA,"Los Angeles-Long Beach-Anaheim, CA","Los Angeles-Long Beach-Anaheim, CA",105,9.074142725,87.27,1.6456,1.3168,769600,0.851788756,3.21888412,0.005050676,31.8,0.065094674,0.007996229,78
City,Richmond,Richmond,VA,"Richmond, VA","Richmond, VA",106,1.577386469,82.21,11.3456,6.4898,151700,0.663570007,5.861828332,0.023394858,368,0.197573179,0.041185311,81
City,Boca Raton,Boca Raton,FL,"Miami-Fort Lauderdale, FL","Miami-Fort Lauderdale-West Palm Beach, FL",107,2.980537535,81.69,,,291600,0.447812608,8.280727813,-0.012424554,76.4,0.093253772,0.05592735,112
City,Oxnard,Oxnard,CA,"Ventura, CA","Oxnard-Thousand Oaks-Ventura, CA",108,8.016682113,87.5,5.4027,2.0142,428600,0.942063118,7.445475056,0.045258983,57,0.109550919,0.044255821,89
City,Bradenton,Bradenton,FL,"North Port-Sarasota-Bradenton, FL","North Port-Sarasota-Bradenton, FL",109,3.022242817,80,,,198200,1.070882203,12.42200794,-0.008859738,79.1,0.109796266,0.057483094,95
City,Montgomery,Montgomery,AL,"Montgomery, AL","Montgomery, AL",110,0.891566265,,,,83600,-0.119474313,-1.065088757,,4.1,0.269831873,0.041283156,164
City,Santa Rosa,Santa Rosa,CA,"Santa Rosa, CA","Santa Rosa, CA",111,8.862835959,87.5,1.4157,1.2648,491000,0.511770727,10.33707865,0.028965377,68.8,0.058158922,0.027637389,59
City,Des Moines,Des Moines,IA,"Des Moines, IA","Des Moines-West Des Moines, IA",112,1.320667285,85.86,10.2941,9.2918,113500,0.088183422,2.994555354,0.025101322,62.1,0.107481561,0.051177628,90
City,Reno,Reno,NV,"Reno, NV","Reno, NV",113,6.430027804,84.94,6.0734,3.5911,278600,0.905469033,16.08333333,0.048169419,73.7,0.108806529,0.048825504,70
City,Spokane,Spokane,WA,"Spokane, WA","Spokane-Spokane Valley, WA",114,5.618164968,81.38,9.8802,4.473,150200,0.468227425,8.526011561,0.031418109,42.3,0.12894825,0.036286754,90
City,Augusta,Augusta,GA,"Augusta, GA","Augusta-Richmond County, GA-SC",115,2.538461538,71.64,,,80000,0.250626566,4.302477184,0.0384,67.3,0.23563519,0.041267831,119
City,Tacoma,Tacoma,WA,"Seattle, WA","Seattle-Tacoma-Bellevue, WA",116,4.275254866,88.81,12.1179,6.4792,211000,1.005265677,11.34564644,0.061805687,73.3,0.157165266,0.055399202,76
City,Grand Rapids,Grand Rapids,MI,"Grand Rapids, MI","Grand Rapids-Wyoming, MI",117,5.814643188,89.12,,,109200,0.64516129,8.333333333,0.035860806,70.9,0.117228084,0.027944834,77.5
City,Oceanside,Oceanside,CA,"San Diego, CA","San Diego-Carlsbad, CA",118,6.834105653,86.05,5.8898,1.2303,446700,0.494938133,7.096619516,0.029659727,50.8,0.091380358,0.027764574,63.5
City,Gainesville,Gainesville,FL,"Gainesville, FL","Gainesville, FL",119,1.77849861,87.5,,,144200,0.557880056,5.255474453,0.003363384,64.6,0.179212129,0.049060557,136
City,Woodbridge,Woodbridge,VA,"Washington, DC","Washington-Arlington-Alexandria, DC-VA-MD-WV",120,2.784986098,83.85,13.7823,4.6921,283500,0.247524752,4.151359295,0.017319224,28.7,0.178334803,0.026659967,88
City,Ocala,Ocala,FL,"Ocala, FL","Ocala, FL",121,1.007414272,72.53,,,106300,0.283018868,7.157258065,0.027412982,95.6,0.23221079,0.064780093,105
City,Glendale,Glendale,CA,"Los Angeles-Long Beach-Anaheim, CA","Los Angeles-Long Beach-Anaheim, CA",122,7.227988879,93.65,5.3508,1.6561,705100,0.685420534,6.57496977,0.016970642,90.9,0.049633162,0.013668456,63
City,Boise,Boise,ID,"Boise City, ID","Boise City, ID",123,8.654309546,85.63,,,188700,0.747463962,7.521367521,0.049024907,27.4,0.14394009,0.010344902,68.5
City,Greenville,Greenville,SC,"Greenville, SC","Greenville-Anderson-Mauldin, SC",124,7.759962929,,,41.1523,143000,1.203113942,8.580106302,0.03493007,34.5,0.100532554,0.040697964,115
City,Birmingham,Birmingham,AL,"Birmingham, AL","Birmingham-Hoover, AL",125,0.638554217,73.57,21.4505,10.8977,60600,0.331125828,4.663212435,0.029306931,142.5,0.263500781,0.054758869,111
City,Salt Lake City,Salt Lake City,UT,"Salt Lake City, UT","Salt Lake City, UT",126,7.611677479,88.54,,,240800,0.458906967,6.737588652,0.048907807,43.6,0.16337054,0.011137091,83
City,Huntington Beach,Huntington Beach,CA,"Los Angeles-Long Beach-Anaheim, CA","Los Angeles-Long Beach-Anaheim, CA",127,9.589434662,88.76,2.9894,0.6579,730100,0.828614832,7.147050191,0.016856595,30.2,0.046855313,0.019062461,77.5
City,Akron,Akron,OH,"Akron, OH","Akron, OH",128,0.219647822,76.34,23.4981,8.7111,60900,0,-0.163934426,0.015353038,83.3,0.27004949,0.048517521,101
City,Rockford,Rockford,IL,"Rockford, IL","Rockford, IL",129,0.815569972,41.18,,,75500,0.132625995,1.206434316,0.038397351,127.8,0.315195756,0.055589351,110
City,Salinas,Salinas,CA,"Salinas, CA","Salinas, CA",130,6.993512512,97.22,9.0727,1.9823,377400,0.425758382,8.199541284,0.044713831,52.2,0.1137263,0.047611024,77
City,Worcester,Worcester,MA,"Worcester, MA","Worcester, MA-CT",131,2.345690454,57.14,14.4874,5.7566,191600,0.209205021,6.208425721,0.032792276,51.8,0.190080397,0.085595483,115
City,Moreno Valley,Moreno Valley,CA,"Riverside, CA","Riverside-San Bernardino-Ontario, CA",132,4.1918443,78.33,11.3535,3.378,262400,0.382555471,6.45030426,0.061238567,61,0.158652309,0.047211266,78
City,Little Rock,Little Rock,AR,"Little Rock, AR","Little Rock-North Little Rock-Conway, AR",133,1.720111214,80.15,15.4799,6.0639,126700,0.078988942,0.158102767,0.025011839,72.5,0.150057763,0.047023744,108
City,Port Saint Lucie,Port Saint Lucie,FL,"Port St. Lucie, FL","Port St. Lucie, FL",134,4.560704356,79.15,,,166700,1.399026764,19.75574713,0.066664667,91.7,0.165438491,0.080836916,88
City,Providence,Providence,RI,"Providence, RI","Providence-Warwick, RI-MA",135,0.593141798,76,14.0611,9.8683,156300,-0.063938619,2.223675605,0.031279591,71.3,0.250546726,0.078369561,112
City,Amarillo,Amarillo,TX,"Amarillo, TX","Amarillo, TX",136,5.801668211,86.96,,,108000,0.371747212,3.250478011,0.034351852,39.2,0.11301145,0.016899911,83
City,Lancaster,Lancaster,CA,"Los Angeles-Long Beach-Anaheim, CA","Los Angeles-Long Beach-Anaheim, CA",137,2.000926784,82.69,14.7349,5.4882,211500,0.714285714,5.855855856,0.017966903,188.1,0.206013325,0.047806667,87
City,Fort Collins,Fort Collins,CO,"Fort Collins, CO","Fort Collins, CO",138,9.108433735,97.52,3.2101,0.3971,313400,0.577663671,12.93693694,0.034406509,56.1,0.066339085,0.002849117,61
City,Shreveport,Shreveport,LA,"Shreveport, LA","Shreveport-Bossier City, LA",139,2.895273401,75,,,94100,-0.106157113,2.282608696,0.026408077,52.3,0.143171263,0.043890252,110
City,Evansville,Evansville,IN,"Evansville, IN","Evansville, IN-KY",140,5.148285449,,,,102300,0.688976378,5.030800821,0.025620723,44.6,0.148171586,0.036224639,
City,Yonkers,Yonkers,NY,"New York, NY","New York-Newark-Jersey City, NY-NJ-PA",141,7.437442076,80,2.2857,1.6465,391100,0.876966727,5.332615136,0.013978522,21.1,0.120880013,0.130590502,187
City,Hayward,Hayward,CA,"San Francisco, CA","San Francisco-Oakland-Hayward, CA",142,8.21686747,91.53,4.2937,1.5369,507000,0.795228628,11.55115512,0.035159763,54.5,0.0741956,0.036368544,61
City,Fort Lauderdale,Fort Lauderdale,FL,"Miami-Fort Lauderdale, FL","Miami-Fort Lauderdale-West Palm Beach, FL",143,1.401297498,82.56,,,272300,0.516795866,6.242684354,-0.018534704,88.7,0.144004456,0.094819247,112
City,Chattanooga,Chattanooga,TN,"Chattanooga, TN","Chattanooga, TN-GA",144,3.473586654,87.1,,,122500,0.409836066,4.790419162,0.029902041,56.6,0.121077253,0.02747604,79
City,Columbus,Columbus,GA,"Columbus, GA","Columbus, GA-AL",145,2.080630213,67.47,,,89700,-0.111358575,-0.554323725,0.038885173,41,0.255969253,0.037519275,139.5
City,Aurora,Aurora,IL,"Chicago, IL","Chicago-Naperville-Elgin, IL-IN-WI",146,1.84244671,55.42,,,151300,0.331564987,2.368064953,0.025221414,61.6,0.254325672,0.06137486,120.5
City,Ontario,Ontario,CA,"Riverside, CA","Riverside-San Bernardino-Ontario, CA",147,7.71918443,90.91,8.9981,1.9959,348600,0.722334585,6.540342298,0.058092369,58.8,0.103125235,0.049797663,79
City,Jackson,Jackson,MS,"Jackson, MS","Jackson, MS",148,2.706209453,,,,62800,0,3.289473684,0.03638535,14.6,0.292286587,0.062902109,110
City,Grand Prairie,Grand Prairie,TX,"Dallas-Fort Worth, TX","Dallas-Fort Worth-Arlington, TX",149,7.962928638,88.54,7.5244,3.4276,148200,0.610997963,13.56321839,0.05765857,37.6,0.059951012,0.037183171,64
City,Rancho Cucamonga,Rancho Cucamonga,CA,"Riverside, CA","Riverside-San Bernardino-Ontario, CA",150,8.135310473,88.33,5.753,1.5767,443900,0.703266788,2.75462963,0.041896824,92.8,0.087958407,0.038777293,83
City,Overland Park,Overland Park,KS,"Kansas City, MO","Kansas City, MO-KS",151,8.608897127,,,,243500,0.205761317,5.823554976,0.036673511,7.3,0.083431501,0.012707385,92
City,Newport News,Newport News,VA,"Virginia Beach, VA","Virginia Beach-Norfolk-Newport News, VA-NC",152,2.260426321,69.23,,,165700,-0.060313631,2.791563275,0.009342185,9.2,0.282131545,0.03922193,118
City,Garden Grove,Garden Grove,CA,"Los Angeles-Long Beach-Anaheim, CA","Los Angeles-Long Beach-Anaheim, CA",153,9.308619092,93.02,2.1377,0.6135,499000,0.767366721,9.071038251,0.023280561,33,0.073820308,0.034648904,75
City,Killeen,Killeen,TX,"Killeen, TX","Killeen-Temple, TX",154,3.90639481,93.1,,,100800,0.598802395,3.384615385,0.042063492,89.4,0.339059095,0.035781184,119.5
City,Roanoke,Roanoke,VA,"Roanoke, VA","Roanoke, VA",155,2.47265987,80.36,19.6421,5.6243,139400,-0.071684588,-0.143266476,0.024354376,33.7,0.144298468,0.025041286,124
City,Tempe,Tempe,AZ,"Phoenix, AZ","Phoenix-Mesa-Scottsdale, AZ",156,7.229842447,83.87,4.6877,2.8735,243200,0.745650373,9.205208801,0.040407072,67.8,0.139428807,0.013235183,63
City,Vancouver,Vancouver,WA,"Portland, OR","Portland-Vancouver-Hillsboro, OR-WA",157,7.790546803,93.1,6.0012,3.3008,241800,0.666111574,11.99629458,0.043928867,42.2,0.070750385,0.036057914,63
City,Huntsville,Huntsville,AL,"Huntsville, AL","Huntsville, AL",158,3.273401297,81.25,10.17,4.685,134700,0.223214286,1.126126126,0.052301411,55.9,0.157527752,0.026610049,133
City,El Cajon,El Cajon,CA,"San Diego, CA","San Diego-Carlsbad, CA",159,7.884151993,88.33,5.0701,2.2346,435200,0.717426522,6.692816867,0.028336397,52.4,0.0976159,0.0312425,77
City,Palmdale,Palmdale,CA,"Los Angeles-Long Beach-Anaheim, CA","Los Angeles-Long Beach-Anaheim, CA",160,3.339202966,86.08,11.6307,4.6525,239300,0.50398992,8.084914182,0.023221897,149.5,0.183658869,0.048044418,89.5
City,Topeka,Topeka,KS,"Topeka, KS","Topeka, KS",161,6.151065802,,,,92200,0.217391304,1.430143014,0.034859002,0.7,0.160368015,0.033189612,
City,Elk Grove,Elk Grove,CA,"Sacramento, CA","Sacramento--Roseville--Arden-Arcade, CA",162,6.722891566,79.09,8.1988,2.2924,355100,0.59490085,7.508325764,0.055336525,70.7,0.115612412,0.04195186,75
City,Pueblo,Pueblo,CO,"Pueblo, CO","Pueblo, CO",163,4.456904541,90.38,9.1411,4.9457,122600,0.574241181,9.074733096,0.054216966,89.2,0.150958988,0.031976229,79
City,Fredericksburg,Fredericksburg,VA,"Washington, DC","Washington-Arlington-Alexandria, DC-VA-MD-WV",164,2.841519926,75,9.8116,4.3032,238000,0.210526316,3.703703704,0.011193277,24.1,0.194536648,0.028512081,104
City,Cape Coral,Cape Coral,FL,"Fort Myers, FL","Cape Coral-Fort Myers, FL",165,6.385542169,90.97,,,193900,0.674974039,10.99026903,0.033089221,109.2,0.092923976,0.059413118,99
City,Springfield,Springfield,MA,"Springfield, MA","Springfield, MA",166,0.46802595,65.38,17.7806,9.0163,128000,0.078186083,2.4,0.021203125,69.4,0.200371984,0.111942886,110
City,Pembroke Pines,Pembroke Pines,FL,"Miami-Fort Lauderdale, FL","Miami-Fort Lauderdale-West Palm Beach, FL",167,2.759962929,89.77,,,249000,0.484261501,8.355091384,-0.00973494,94.3,0.10011873,0.088779524,92
City,Murfreesboro,Murfreesboro,TN,"Nashville, TN","Nashville-Davidson--Murfreesboro--Franklin, TN",168,7.805375348,92.92,4.3914,2.9884,176900,0.682982356,9.603469641,0.03285472,61.3,0.076978188,0.011078889,72
City,Clarksville,Clarksville,TN,"Clarksville, TN","Clarksville, TN-KY",169,3.234476367,85.07,,,137100,0.292611558,1.255539143,0.040882567,103.8,0.226930845,0.021388955,123.5
City,Naperville,Naperville,IL,"Chicago, IL","Chicago-Naperville-Elgin, IL-IN-WI",170,1.419833179,74.14,,,363000,-0.137551582,-1.62601626,0.013267218,33.3,0.095412211,0.030177611,132
City,Peoria,Peoria,AZ,"Phoenix, AZ","Phoenix-Mesa-Scottsdale, AZ",171,6.227062095,84.05,5.8372,2.12,232400,0.693240901,6.948918546,0.033076592,75,0.167574076,0.014473135,71
City,Fairfax,Fairfax,VA,"Washington, DC","Washington-Arlington-Alexandria, DC-VA-MD-WV",172,5.229842447,79.84,4.1432,0.6757,497600,0.080450523,-0.44017607,0.001424839,8.8,0.082434018,0.010017564,87
City,Santa Clarita,Santa Clarita,CA,"Los Angeles-Long Beach-Anaheim, CA","Los Angeles-Long Beach-Anaheim, CA",173,4.745134384,91.43,4.5393,2.1646,463100,0.433745391,4.655367232,0.013234723,102.7,0.08403479,0.029170912,66
City,Pomona,Pomona,CA,"Los Angeles-Long Beach-Anaheim, CA","Los Angeles-Long Beach-Anaheim, CA",174,6.107506951,90.24,6.8289,2.0829,340500,0.531443756,4.287901991,0.012883994,99.9,0.089647057,0.042350306,86
City,Kansas City,Kansas City,KS,"Kansas City, MO","Kansas City, MO-KS",175,6.380908248,,,,68400,0.588235294,7.042253521,0.039912281,3.6,0.292438893,0.046330953,92
City,Boynton Beach,Boynton Beach,FL,"Miami-Fort Lauderdale, FL","Miami-Fort Lauderdale-West Palm Beach, FL",176,1.990732159,83.68,,,207800,0.580832527,11.12299465,-0.003912416,68.8,0.114675292,0.077710936,95
City,Syracuse,Syracuse,NY,"Syracuse, NY","Syracuse, NY",177,5.759962929,,,,79600,0.378310214,5.291005291,0.038969849,54.8,0.163332658,0.068771548,126
City,Salem,Salem,OR,"Salem, OR","Salem, OR",178,5.458758109,86.75,10.7658,8.1873,197400,0.765696784,10.27932961,0.05529382,53.9,0.110090432,0.047016851,91
City,Hollywood,Hollywood,FL,"Miami-Fort Lauderdale, FL","Miami-Fort Lauderdale-West Palm Beach, FL",179,3.021316033,83.33,,,215400,0.701262272,10.68859198,-0.005775302,110.8,0.133060322,0.075795248,105.5
City,Paterson,Paterson,NJ,"New York, NY","New York-Newark-Jersey City, NY-NJ-PA",180,0.014828545,68.75,11.6554,12.9527,193400,-1.276161307,-10.66974596,-0.020367115,110.1,0.360136423,0.254632864,214
City,Lakewood,Lakewood,CO,"Denver, CO","Denver-Aurora-Lakewood, CO",181,9.604263207,97.84,2.7943,0.8216,321800,1.131363922,15.9221902,0.046799254,51.7,0.040053757,0.008441012,55
City,Alexandria,Alexandria,VA,"Washington, DC","Washington-Arlington-Alexandria, DC-VA-MD-WV",182,5.734939759,79.57,4.3478,2.6147,497800,0.26183283,3.149606299,0.013933307,16.5,0.127928042,0.010584844,82
City,Dayton,Dayton,OH,"Dayton, OH","Dayton, OH",183,0.615384615,60.56,21.4786,8.0335,48300,0.415800416,2.114164905,0.030062112,89.1,0.374814026,0.055521104,111
City,Yuma,Yuma,AZ,"Yuma, AZ","Yuma, AZ",184,2.03892493,85.71,15.4197,4.2613,133400,0.075018755,1.290812453,0.05434033,45.8,0.245687842,0.033105023,124
City,Sunnyvale,Sunnyvale,CA,"San Jose, CA","San Jose-Sunnyvale-Santa Clara, CA",185,9.887859129,91.84,0.5495,0.4751,1359900,0.77812361,21.48472396,0.053826017,41.4,0.019849613,0,44
City,Visalia,Visalia,CA,"Visalia, CA","Visalia-Porterville, CA",186,6.138090825,87.78,10.8265,4.8197,196100,0.512557663,8.522412839,0.052784294,71.7,0.189188327,0.029352715,84
City,Las Cruces,Las Cruces,NM,"Las Cruces, NM","Las Cruces, NM",187,3.16218721,62.75,,,137600,0.145560408,0.218499636,0.038015988,35,0.259128462,0.037837021,138
City,Charleston,Charleston,SC,"Charleston, SC","Charleston-North Charleston, SC",188,7.353104727,81.6,5.2968,1.5853,253800,0.355871886,7.770700637,0.031930654,40.7,0.094496983,0.029271757,101
City,Bridgeport,Bridgeport,CT,"Stamford, CT","Bridgeport-Stamford-Norwalk, CT",189,0.176088971,88.89,6.1863,,151000,-0.19828156,-0.461437047,0.005682119,93,0.333950427,0.126825467,108
City,Eugene,Eugene,OR,"Eugene, OR","Eugene, OR",190,7.16218721,84.93,6.9156,4.1842,240200,0.544160737,6.001765225,0.029263114,31.7,0.099765099,0.034078878,83.5
City,Escondido,Escondido,CA,"San Diego, CA","San Diego-Carlsbad, CA",191,6.350324374,92,8.3558,1.5262,412000,0.758131573,4.621635348,0.024752427,51.8,0.087290153,0.026503268,68
City,Midland,Midland,TX,"Midland, TX","Midland, TX",192,3.690454124,,,,187300,-0.159914712,-1.160949868,0.036075814,34,0.092614318,0.009215129,87.5
City,Newark,Newark,DE,"Philadelphia, PA","Philadelphia-Camden-Wilmington, PA-NJ-DE-MD",193,6.755329008,70.37,0.7949,,209700,0.382958353,4.017857143,0.019499285,4.6,0.127814031,0.064564281,108
City,Round Rock,Round Rock,TX,"Austin, TX","Austin-Round Rock, TX",194,8.820203892,88.71,,,221000,0.500227376,9.677419355,0.041067873,25.4,0.072530518,0.010218153,65.5
City,Hampton,Hampton,VA,"Virginia Beach, VA","Virginia Beach-Norfolk-Newport News, VA-NC",195,4.244670992,84.31,,,155900,0.257234727,2.972258917,0.011411161,5.4,0.26644123,0.046965571,132.5
City,Pasadena,Pasadena,CA,"Los Angeles-Long Beach-Anaheim, CA","Los Angeles-Long Beach-Anaheim, CA",196,8.329935125,91.43,2.8284,1.1144,710000,0.381733352,6.766917293,0.015856338,97.9,0.043560361,0.016271934,68
City,Torrance,Torrance,CA,"Los Angeles-Long Beach-Anaheim, CA","Los Angeles-Long Beach-Anaheim, CA",197,8.215013902,93.44,2.7968,1.1517,723800,0.346596423,5.203488372,0.011595745,77,0.040462678,0.012087398,69
City,Columbia,Columbia,SC,"Columbia, SC","Columbia, SC",198,2.430954588,75.71,7.4797,4.9715,124900,0.40192926,1.297648013,0.035868695,50.3,0.223892137,0.047003877,121
City,Tyler,Tyler,TX,"Tyler, TX","Tyler, TX",199,6.803521779,70,,,123900,0.080775444,8.398950131,0.05968523,25.3,0.083807762,0.016828753,83
City,Mesquite,Mesquite,TX,"Dallas-Fort Worth, TX","Dallas-Fort Worth-Arlington, TX",200,6.731232623,88.37,10.3617,6.2475,125500,0.319744205,13.57466063,0.059442231,70.7,0.062959458,0.035767393,64
City,Fullerton,Fullerton,CA,"Los Angeles-Long Beach-Anaheim, CA","Los Angeles-Long Beach-Anaheim, CA",201,9.139017609,85.45,4.9906,0.5411,574600,0.630472855,8.41509434,0.017307692,37.8,0.06321361,0.025791404,77
City,Warren,Warren,MI,"Detroit, MI","Detroit-Warren-Dearborn, MI",202,6.186283596,,,,99500,0.505050505,5.291005291,0.039125628,63.6,0.250750147,0.028979534,106
City,McKinney,McKinney,TX,"Dallas-Fort Worth, TX","Dallas-Fort Worth-Arlington, TX",203,9.794253939,91.51,1.502,0.9226,258800,0.58297707,14.76718404,0.06427357,46.6,0.047252466,0.013066539,61
City,West Valley City,West Valley City,UT,"Salt Lake City, UT","Salt Lake City, UT",204,4.379981464,76.79,,,173800,0.462427746,6.888068881,0.052226697,52,0.20814109,0.024831474,69
City,Renton,Renton,WA,"Seattle, WA","Seattle-Tacoma-Bellevue, WA",205,6.240963855,85.22,7.712,5.5622,359200,0.616246499,10.31941032,0.05873608,50.3,0.101537793,0.030838655,61
City,Canton,Canton,OH,"Canton, OH","Canton-Massillon, OH",206,0.78313253,79.63,15.4136,4.3296,85100,0,0.23557126,0.022855464,64.4,0.192441217,0.037354085,91.5
City,Metairie,Metairie,LA,"New Orleans, LA","New Orleans-Metairie, LA",207,8.920296571,,,,216700,0.417052827,10.11178862,0.036520535,2.8,0.074680787,0.021960912,78.5
City,Santa Maria,Santa Maria,CA,"Santa Maria-Santa Barbara, CA","Santa Maria-Santa Barbara, CA",208,7.647822057,90,7.3903,1.1532,328200,0.58228624,7.360157017,0.043601463,36.8,0.143008492,0.029351172,93
City,Inglewood,Inglewood,CA,"Los Angeles-Long Beach-Anaheim, CA","Los Angeles-Long Beach-Anaheim, CA",209,0.938832252,95,14.4327,3.5503,388500,-0.025733402,3.655282818,0.009930502,96.2,0.119537219,0.051221007,73
City,Orange,Orange,CA,"Los Angeles-Long Beach-Anaheim, CA","Los Angeles-Long Beach-Anaheim, CA",210,9.329008341,92,3.6249,1.4023,605500,0.765518389,7.548845471,0.014284063,34.1,0.056041607,0.028455845,79
City,New Haven,New Haven,CT,"New Haven, CT","New Haven-Milford, CT",211,0.832252085,81.82,8.9602,1.234,151100,0.066225166,-4.063492063,0.001568498,68.3,0.284330736,0.078263215,140
City,Cumming,Cumming,GA,"Atlanta, GA","Atlanta-Sandy Springs-Roswell, GA",212,8.457831325,84.52,,,261000,0.19193858,4.735152488,0.040471264,48.5,0.071700977,0.013464442,107
City,Abilene,Abilene,TX,"Abilene, TX","Abilene, TX",213,7.696014829,95.96,,,106600,0,9.896907216,0.040159475,33.4,0.111178083,0.009337503,75
City,Compton,Compton,CA,"Los Angeles-Long Beach-Anaheim, CA","Los Angeles-Long Beach-Anaheim, CA",214,3.836886006,72.22,17.878,4.7955,307500,0.852738603,11.94029851,0.030230894,122.6,0.132751517,0.075252546,96
City,McAllen,McAllen,TX,"McAllen, TX","McAllen-Edinburg-Mission, TX",215,3.700648749,80.95,,,115100,0,4.068716094,,52.9,0.099493278,0.021790097,140.5
City,Bellevue,Bellevue,WA,"Seattle, WA","Seattle-Tacoma-Bellevue, WA",216,9.784059314,91.96,2.0716,1.392,659600,0.426309379,10.0617387,0.060918739,25.2,0.055961008,0.007597218,56
City,Saginaw,Saginaw,MI,"Saginaw, MI","Saginaw, MI",217,3.264133457,73.77,,,50000,0,5.263157895,0.04666,130.5,0.269644092,0.03430935,117.5
City,Bloomington,Bloomington,IN,"Bloomington, IN","Bloomington, IN",218,9.337349398,,,,152800,0.858085809,4.229195089,0.032441099,4.8,0.119878543,0.016778926,
City,Olathe,Olathe,KS,"Kansas City, MO","Kansas City, MO-KS",219,8.430027804,,,,203100,0.246791708,7.346723044,0.037331364,6.8,0.105489223,0.017723961,92
City,Miramar,Miramar,FL,"Miami-Fort Lauderdale, FL","Miami-Fort Lauderdale-West Palm Beach, FL",220,1.910101946,89.19,,,230900,0.69777584,9.900047596,-0.00625812,129.1,0.179420258,0.109470478,99
City,Queen Creek,Queen Creek,AZ,"Phoenix, AZ","Phoenix-Mesa-Scottsdale, AZ",221,6.105653383,84.76,8.899,3.0366,212400,0.568181818,11.02979613,0.034077213,40.1,0.185372245,0.025127129,79
City,Coral Springs,Coral Springs,FL,"Miami-Fort Lauderdale, FL","Miami-Fort Lauderdale-West Palm Beach, FL",222,2.919369787,81.08,,,302300,0.498670213,6.144662921,-0.020836917,128.6,0.12030571,0.073998371,103
City,East Los Angeles,East Los Angeles,CA,"Los Angeles-Long Beach-Anaheim, CA","Los Angeles-Long Beach-Anaheim, CA",223,2.656163114,92.31,11.0741,,353400,0.454803866,7.776761208,0.022614601,80.6,0.093254409,0.054347934,64
City,Hamilton,Hamilton,OH,"Cincinnati, OH","Cincinnati, OH-KY-IN",224,3.62557924,,,,133700,0.074850299,3.965785381,0.031660434,56.1,0.175425223,0.046062851,102.5
City,Hartford,Hartford,CT,"Hartford, CT","Hartford-West Hartford-East Hartford, CT",225,0.729379055,66.67,13.4877,1.1738,89900,0.22296544,4.292343387,0.004204672,135.8,0.548345819,0.067755318,111
City,Stamford,Stamford,CT,"Stamford, CT","Bridgeport-Stamford-Norwalk, CT",226,4.232622799,71.88,0.8545,0.8966,457400,-0.218150087,0.131348511,0.006020988,26.9,0.125115272,0.0646741,119.5
City,Savannah,Savannah,GA,"Savannah, GA","Savannah, GA",227,2.390176089,73.33,,,110000,0,4.265402844,0.027763636,24.5,0.190524193,0.029096264,114
City,Simi Valley,Simi Valley,CA,"Ventura, CA","Oxnard-Thousand Oaks-Ventura, CA",228,9.18257646,89.09,4.3267,1.5035,512200,0.886350207,6.597294485,0.039072628,41.7,0.072852418,0.034426948,74
City,Concord,Concord,CA,"San Francisco, CA","San Francisco-Oakland-Hayward, CA",229,7.414272475,89.04,7.1694,1.3107,493900,0.631621842,10.27014959,0.027359789,51.3,0.074404076,0.023182158,51
City,Sterling Heights,Sterling Heights,MI,"Detroit, MI","Detroit-Warren-Dearborn, MI",230,6.781278962,,,,169100,0.475341652,3.742331288,0.02854524,28.2,0.089416539,0.015212807,95
City,Elizabeth,Elizabeth,NJ,"New York, NY","New York-Newark-Jersey City, NY-NJ-PA",231,0.304911956,70,16.8933,10.1865,244000,1.244813278,1.539741989,0.021979508,110.9,0.321882969,0.213254057,141
City,Frisco,Frisco,TX,"Dallas-Fort Worth, TX","Dallas-Fort Worth-Arlington, TX",232,9.96107507,94.67,1.5417,0.844,350800,0.688863375,15.1674327,0.063888255,19.2,0.049529402,0.003588896,63
City,Joliet,Joliet,IL,"Chicago, IL","Chicago-Naperville-Elgin, IL-IN-WI",233,0.308619092,66.67,,,116800,0,0.429922614,0.016506849,120.9,0.269104901,0.066765263,117.5
City,Carrollton,Carrollton,TX,"Dallas-Fort Worth, TX","Dallas-Fort Worth-Arlington, TX",234,9.923076923,91.92,3.0533,1.7812,214000,0.943396226,16.30434783,0.065574766,18.3,0.037651287,0.007683765,54
City,Billings,Billings,MT,"Billings, MT","Billings, MT",235,9.271547729,90.91,,,193900,0.622729632,6.655665567,0.029850438,22.3,0.097130823,0.010362554,83
City,Allentown,Allentown,PA,"Allentown, PA","Allentown-Bethlehem-Easton, PA-NJ",236,0.397590361,73.77,19.5025,8.9975,103000,0.389863548,2.589641434,0.017378641,95.6,0.223731846,0.089690236,110
City,Santa Fe,Santa Fe,NM,"Santa Fe, NM","Santa Fe, NM",237,1.083410565,66.67,,,307700,0.195376099,2.806548613,0.015807605,38.6,0.133864426,0.047193385,105
City,Vallejo,Vallejo,CA,"Vallejo, CA","Vallejo-Fairfield, CA",238,6.520852641,86.21,10.1857,2.5982,299800,0.874831763,13.08940023,0.068609073,74.1,0.187677175,0.042367185,69
City,Independence,Independence,MO,"Kansas City, MO","Kansas City, MO-KS",239,3.300278035,83.33,,,85600,0.469483568,3.506650544,0.033948598,82,0.26835509,0.027893657,100
City,Santa Clara,Santa Clara,CA,"San Jose, CA","San Jose-Sunnyvale-Santa Clara, CA",240,9.93141798,98.21,0.8407,0.3633,976100,0.826360913,17.57407854,0.051116689,42.8,0.025141842,0.003114966,49
City,Cary,Cary,NC,"Raleigh, NC","Raleigh, NC",241,8.275254866,94.81,,,304200,0.263678312,4.824259132,0.039184747,10.5,0.058381394,0.006431199,66
City,Cypress,Cypress,TX,"Houston, TX","Houston-The Woodlands-Sugar Land, TX",242,8.567191844,88.33,,,223300,0.540297163,5.77925154,0.038240036,37.2,0.04974492,0.022094268,82
City,Conroe,Conroe,TX,"Houston, TX","Houston-The Woodlands-Sugar Land, TX",243,7.567191844,76.74,,,175800,0.51457976,6.095353048,0.036808874,46.3,0.075366786,0.01545527,96
City,Surprise,Surprise,AZ,"Phoenix, AZ","Phoenix-Mesa-Scottsdale, AZ",244,4.214087118,86.18,8.9321,3.3851,210100,0.815738964,7.030056037,0.032517849,79.7,0.184715569,0.018647719,63
City,Berkeley,Berkeley,CA,"San Francisco, CA","San Francisco-Oakland-Hayward, CA",245,9.482854495,97.06,5.1484,,986500,0.683813023,14.13860928,0.038569691,54.8,0.017234598,0.018279789,44.5
City,Hemet,Hemet,CA,"Riverside, CA","Riverside-San Bernardino-Ontario, CA",246,5.294717331,78.46,11.1751,4.8568,205000,0.440960314,7.10553814,0.064702439,21.9,0.185327813,0.044316835,80.5
City,Norman,Norman,OK,"Oklahoma City, OK","Oklahoma City, OK",247,8.7442076,86.14,1.8404,1.3504,151400,0.664893617,4.92030492,0.027153236,48.2,0.081037387,0.01102667,85
City,Falls Church,Falls Church,VA,"Washington, DC","Washington-Arlington-Alexandria, DC-VA-MD-WV",248,5.959221501,83.33,1.9652,1.9594,486800,0.247116969,1.437799542,0.007115859,10.6,0.097445967,0.015318304,81.5
City,Springfield,Springfield,IL,"Springfield, IL","Springfield, IL",249,3.477293791,83.87,,,99100,0.303643725,0,0.035943491,43,0.122245168,0.026405968,87.5
City,Lake Charles,Lake Charles,LA,"Lake Charles, LA","Lake Charles, LA",250,9.112140871,,,,154600,0.782268579,3.967720242,0.027005175,0.3,0.103809509,0.025025717,
City,Denton,Denton,TX,"Dallas-Fort Worth, TX","Dallas-Fort Worth-Arlington, TX",251,9.819277108,87.1,2.2024,1.5542,176700,0.971428571,14.36893204,0.058398415,30.7,0.039773859,0.016279131,59
City,Downey,Downey,CA,"Los Angeles-Long Beach-Anaheim, CA","Los Angeles-Long Beach-Anaheim, CA",252,5.624652456,97.44,9.4545,2.8793,487000,0.82815735,7.339651752,0.019737166,84.6,0.105647182,0.048847943,87.5
City,Waco,Waco,TX,"Waco, TX","Waco, TX",253,3.708989805,75,,,80600,0.248756219,1.511335013,0.041861042,95.6,0.126618576,0.016889736,103.5
City,Thornton,Thornton,CO,"Denver, CO","Denver-Aurora-Lakewood, CO",254,9.468952734,97.86,2.7052,1.5262,276900,0.617732558,14.32700248,0.046554713,88.2,0.058595272,0.006083491,60
City,Frederick,Frederick,MD,"Washington, DC","Washington-Arlington-Alexandria, DC-VA-MD-WV",255,0.405931418,66.67,17.9428,6.7688,253700,-0.782166601,2.298387097,0.009361451,63.9,0.187514412,0.056952024,112
City,Westminster,Westminster,CO,"Denver, CO","Denver-Aurora-Lakewood, CO",256,9.65987025,97.84,3.2373,0.9468,284400,0.815313719,15.18833536,0.048393108,36.6,0.050179098,0.012359083,57
City,Lansing Township,Lansing Township,MI,"Lansing, MI","Lansing-East Lansing, MI",257,0.982391103,27.27,,,64300,0.31201248,-0.310077519,0.019580093,26.4,0.379550058,0.029402896,106
City,Victorville,Victorville,CA,"Riverside, CA","Riverside-San Bernardino-Ontario, CA",258,5.397590361,96.23,13.2315,3.5374,194500,0.56876939,7.221609702,0.059485861,83.2,0.233271465,0.049637186,87
City,Waterbury,Waterbury,CT,"New Haven, CT","New Haven-Milford, CT",259,0.503243744,47.37,9.6703,0.4967,99700,-0.3,-2.826510721,0.000170512,93.6,0.378052833,0.094651138,132
City,New Port Richey,New Port Richey,FL,"Tampa, FL","Tampa-St. Petersburg-Clearwater, FL",260,0.506024096,75.31,,,128000,0.078186083,3.727714749,0.00684375,98.6,0.174089027,0.079665325,101
City,Temecula,Temecula,CA,"Riverside, CA","Riverside-San Bernardino-Ontario, CA",261,7.213160334,81.93,5.6266,2.5238,407000,0.172286488,3.906050549,0.048953317,55,0.115297906,0.03183007,80
City,Miami Gardens,Miami Gardens,FL,"Miami-Fort Lauderdale, FL","Miami-Fort Lauderdale-West Palm Beach, FL",262,0.991658943,81.82,,,159900,1.074589128,12.28932584,-0.004771732,139,0.251127426,0.117180766,95
City,Costa Mesa,Costa Mesa,CA,"Los Angeles-Long Beach-Anaheim, CA","Los Angeles-Long Beach-Anaheim, CA",263,8.137164041,92.11,1.5377,0.6249,691700,0.319071791,7.107463611,0.016907619,37.4,0.042039009,0.033794898,70
City,Athens,Athens,GA,"Athens, GA","Athens-Clarke County, GA",264,5.05931418,75,,,135200,0.44576523,5.873140172,0.03522929,30.3,0.179245389,0.026303335,119
City,Manchester,Manchester,NH,"Manchester, NH","Manchester-Nashua, NH",265,5.434661724,72.73,,,193500,0.415153088,6.435643564,0.029002584,41.7,0.181228026,0.025022242,88.5
City,Vista,Vista,CA,"San Diego, CA","San Diego-Carlsbad, CA",266,8.467099166,92.16,3.4485,2.7304,455800,0.684780208,6.024656897,0.028411584,51.7,0.07772862,0.025267334,74
City,Tracy,Tracy,CA,"Stockton, CA","Stockton-Lodi, CA",267,7.879518072,87.18,6.1117,1.5642,408000,0.840336134,8.626198083,0.066502451,69.1,0.11496062,0.037555523,67
City,Ventura,Ventura,CA,"Ventura, CA","Oxnard-Thousand Oaks-Ventura, CA",268,9.351251158,87.5,4.9661,1.3734,521100,0.676197836,7.134046053,0.040901938,41.6,0.075141295,0.024940353,74.5
City,Murrieta,Murrieta,CA,"Riverside, CA","Riverside-San Bernardino-Ontario, CA",269,4.788693234,78.38,8.1534,2.1245,369800,0.352781547,2.979671401,0.050811249,64,0.139385477,0.035282033,74.5
City,Peoria,Peoria,IL,"Peoria, IL","Peoria, IL",270,1.515291937,71.05,,,87300,-0.228571429,0.460299194,0.036449026,121.4,0.139551141,0.033255519,133.5
